"Name","Team","G","PA","AB","H","2B","3B","HR","R","RBI","BB","SO","HBP","SB","CS","-1","AVG","OBP","SLG","OPS","wOBA","-1","BsR","Fld","-1","Off","Def","WAR","-1","ADP","playerid"
"Fernando Tatis Jr.","SDP","130","553","482","143","28","2","44","106","111","63","137","4","31","5","",".297",".380",".637","1.017",".419","","3.7","-0.9","","51.0","5.2","7.5","","1.8","19709"
"Trea Turner","LAD","143","639","588","177","32","4","28","101","84","43","113","5","32","6","",".301",".352",".512",".864",".367","","3.3","-1.2","","29.4","5.8","5.6","","1.5","16252"
"Marcus Semien","TEX","153","685","613","165","34","3","32","103","84","67","128","2","13","4","",".269",".342",".491",".833",".355","","0.4","5.9","","22.9","8.4","5.5","","37.3","12533"
"Carlos Correa","","140","593","520","143","30","1","25","87","94","63","117","4","1","0","",".275",".354",".481",".835",".356","","-0.3","5.3","","20.7","11.8","5.3","","101.2","14162"
"Corey Seager","TEX","137","584","522","152","34","2","26","92","92","53","97","4","5","0","",".291",".358",".513",".871",".369","","0.5","-0.7","","26.7","5.7","5.2","","77.8","13624"
"Bo Bichette","TOR","156","668","616","179","34","3","29","110","101","44","126","5","25","4","",".291",".341",".497",".838",".357","","2.8","-0.3","","22.2","7.0","5.2","","5.2","19612"
"Francisco Lindor","NYM","132","586","518","136","27","2","25","87","74","55","102","5","16","6","",".263",".337",".467",".804",".341","","0.2","6.8","","14.3","13.2","4.7","","50.1","12916"
"Xander Bogaerts","BOS","145","622","550","158","38","1","26","88","89","62","113","4","7","1","",".287",".360",".502",".862",".366","","0.4","-5.7","","22.7","1.2","4.5","","45.1","12161"
"Wander Franco","TBR","121","536","487","138","27","8","16","85","71","41","73","3","8","6","",".283",".340",".470",".810",".346","","-1.4","4.1","","15.3","10.0","4.4","","54.3","23667"
"Trevor Story","","142","612","548","148","34","5","28","91","79","52","146","8","24","7","",".270",".340",".504",".844",".357","","1.4","3.9","","9.2","10.7","4.0","","38.3","12564"
"Jorge Polanco","MIN","152","660","601","168","35","4","28","96","93","48","115","4","11","6","",".280",".334",".491",".825",".350","","-0.8","-3.2","","17.6","-0.8","3.9","","78.6","13152"
"Bobby Witt Jr.","KCR","125","569","515","138","27","3","21","67","64","38","125","6","23","7","",".268",".323",".454",".777",".332","","1.2","4.0","","7.1","10.3","3.7","","94.6","sa3011225"
"Ketel Marte","ARI","130","537","489","142","32","6","17","68","61","41","83","4","5","1","",".290",".348",".485",".833",".354","","0.1","0.8","","13.4","2.8","3.4","","80.0","13613"
"Javier Báez","DET","144","573","536","140","27","3","26","79","80","26","165","8","17","6","",".261",".304",".468",".772",".326","","0.5","2.3","","5.0","8.6","3.3","","62.1","12979"
"Tim Anderson","CHW","135","581","554","164","29","2","20","91","61","22","121","3","19","7","",".296",".325",".464",".789",".337","","0.4","-4.1","","10.7","2.3","3.3","","33.5","15172"
"Luis Urías","MIL","149","587","508","128","25","3","20","76","75","63","126","12","6","2","",".252",".346",".431",".778",".337","","-0.2","-1.1","","6.6","5.4","3.1","","154.9","16622"
"Willy Adames","MIL","149","584","524","134","27","2","24","76","69","56","168","1","6","4","",".256",".328",".452",".780",".335","","-0.9","-0.1","","4.5","6.3","3.0","","130.1","15986"
"Nicky Lopez","KCR","147","576","515","140","23","5","4","69","40","45","75","4","16","4","",".272",".334",".359",".693",".306","","1.0","9.2","","-5.2","15.5","3.0","","241.7","19339"
"Eduardo Escobar","NYM","140","582","531","131","25","5","27","71","84","45","128","2","1","1","",".247",".306",".465",".771",".326","","-0.6","1.3","","6.3","3.5","2.9","","195.6","6153"
"J.P. Crawford","SEA","156","653","585","152","31","3","11","80","57","56","120","6","5","5","",".260",".329",".379",".708",".310","","-1.7","0.7","","-1.3","7.9","2.9","","378.5","15491"
"Isiah Kiner-Falefa","TEX","156","647","605","168","23","5","9","73","46","29","88","10","20","6","",".278",".320",".377",".697",".304","","0.9","4.1","","-4.9","11.3","2.8","","357.8","16512"
"Andrés Giménez","CLE","135","479","437","110","22","3","15","58","47","22","115","14","20","5","",".252",".306",".419",".725",".312","","1.5","7.3","","-0.5","12.6","2.8","","272.4","19950"
"Brandon Crawford","SFG","131","508","454","116","23","2","16","60","65","45","102","5","7","3","",".256",".327",".421",".747",".319","","-0.3","3.2","","0.8","8.8","2.6","","214.1","5343"
"Dansby Swanson","ATL","151","621","561","140","30","3","24","79","79","49","157","5","10","3","",".250",".313",".442",".755",".321","","0.3","0.9","","-2.0","7.8","2.6","","123.8","18314"
"Gleyber Torres","NYY","141","571","507","132","24","0","20","67","71","54","119","3","10","4","",".260",".332",".426",".758",".327","","-0.2","-5.1","","5.4","1.2","2.6","","151.0","16997"
"Paul DeJong","STL","130","505","447","100","21","1","20","63","64","43","130","10","5","2","",".224",".303",".409",".712",".308","","-0.2","7.1","","-3.5","12.7","2.6","","446.8","18015"
"Miguel Rojas","MIA","136","527","483","129","25","2","8","56","47","34","68","6","11","4","",".267",".321",".377",".698",".305","","0.1","6.4","","-4.5","12.2","2.5","","405.0","7802"
"Oneil Cruz","PIT","83","361","334","90","16","5","17","41","49","24","85","1","15","3","",".269",".319",".500",".819",".347","","1.5","-0.4","","9.4","3.6","2.5","","213.4","21711"
"Gabriel Arias","CLE","129","542","500","131","27","3","14","65","53","31","134","5","5","1","",".262",".310",".412",".722",".311","","0.2","1.4","","-2.2","7.3","2.4","","599.5","sa3004047"
"Amed Rosario","CLE","156","630","591","163","28","7","14","80","65","32","125","3","17","4","",".276",".315",".418",".733",".315","","1.2","-5.3","","0.2","1.7","2.3","","165.4","15518"
"Adalberto Mondesi","KCR","94","380","355","88","18","6","12","49","45","18","109","1","36","6","",".248",".285",".434",".718",".305","","4.4","4.3","","0.0","8.5","2.1","","60.6","13769"
"Gavin Lux","LAD","132","529","474","115","21","6","16","71","70","51","123","2","6","2","",".243",".318",".414",".731",".315","","-0.1","-1.2","","-0.9","4.7","2.1","","241.8","19955"
"Jean Segura","PHI","135","578","532","150","27","3","12","74","57","34","78","7","10","4","",".282",".331",".412",".743",".321","","-0.2","1.3","","-1.5","3.4","2.1","","201.6","5933"
"Chris Taylor","LAD","141","532","469","117","27","4","18","75","73","52","151","6","10","2","",".249",".330",".439",".769",".330","","0.7","-5.8","","6.3","-3.8","2.0","","136.2","13757"
"Ha-Seong Kim","SDP","133","465","415","97","21","2","14","57","61","39","95","5","11","1","",".234",".305",".395",".700",".303","","1.4","2.2","","-3.6","7.4","1.9","","375.9","27506"
"Donovan Walton","SEA","104","445","395","101","18","2","12","58","50","32","67","9","2","5","",".256",".323",".403",".725",".315","","-2.1","-0.7","","-0.2","4.2","1.9","","999.0","19314"
"José Iglesias","","138","510","482","138","32","3","7","58","54","19","67","6","6","3","",".286",".320",".409",".729",".314","","-0.5","0.0","","-4.2","5.6","1.9","","591.7","10231"
"Michael Stefanic","LAA","123","529","482","128","19","0","12","65","45","36","79","9","4","4","",".266",".328",".380",".707",".311","","-1.4","2.4","","-4.2","4.4","1.8","","999.0","sa3008479"
"Brayan Rocchio","CLE","115","517","480","123","22","3","13","67","57","25","118","10","15","7","",".256",".306",".396",".702",".305","","-0.3","-0.3","","-5.4","5.4","1.8","","999.0","sa3005898"
"Jordan Westburg","BAL","117","524","468","114","21","3","14","74","61","39","127","9","9","2","",".244",".312",".391",".703",".306","","0.5","-1.1","","-5.1","4.7","1.7","","999.0","sa3014499"
"Anthony Volpe","NYY","110","513","461","105","20","1","22","59","67","38","120","8","16","4","",".228",".296",".419",".715",".307","","1.2","-3.5","","-2.3","2.2","1.7","","999.0","sa3010868"
"Jeremy Peña","HOU","96","414","382","97","12","4","15","37","37","22","110","7","8","4","",".254",".304",".424",".728",".313","","-0.4","-0.9","","-0.3","3.6","1.7","","459.5","sa876320"
"Nick Ahmed","ARI","137","513","469","114","28","4","10","57","54","37","108","2","7","2","",".243",".299",".384",".683",".294","","0.2","7.2","","-12.7","12.9","1.7","","567.3","12147"
"Jose Barrero","CIN","115","460","413","103","21","2","13","57","57","30","114","10","13","3","",".249",".313",".404",".717",".310","","1.0","2.7","","-6.2","7.8","1.7","","428.6","23378"
"Edmundo Sosa","STL","124","432","394","99","15","4","9","48","38","18","88","15","4","4","",".251",".307",".378",".685",".298","","-1.2","5.0","","-7.3","9.7","1.7","","422.0","17022"
"Ryan Kreidler","DET","122","516","466","109","19","1","15","53","44","37","143","5","11","4","",".234",".295",".376",".670",".291","","0.1","4.1","","-10.8","9.8","1.7","","999.0","sa3010587"
"Jonathan Villar","","148","570","514","126","19","2","17","69","51","49","147","3","23","8","",".245",".313",".389",".702",".306","","0.8","-2.6","","-2.0","-0.5","1.6","","291.6","10071"
"Orlando Arcia","ATL","134","468","426","105","19","1","14","46","51","34","85","2","6","3","",".246",".303",".394",".697",".300","","-0.4","5.7","","-10.1","10.9","1.6","","597.5","13185"
"Bryson Stott","PHI","111","457","409","100","17","2","12","50","42","43","115","1","7","5","",".244",".317",".384",".701",".306","","-1.1","3.5","","-7.6","8.6","1.6","","460.3","sa3011443"
"Josh H. Smith","TEX","83","371","336","84","15","2","9","36","27","26","78","7","14","3","",".250",".316",".387",".703",".308","","1.2","-0.2","","-1.0","3.9","1.6","","999.0","sa3011703"
"Andrelton Simmons","","118","449","415","105","17","1","4","44","37","28","52","3","5","1","",".253",".304",".328",".632",".279","","0.2","8.9","","-13.7","13.9","1.5","","590.0","10847"
"Brendan Rodgers","COL","107","429","399","112","22","3","16","51","51","21","88","7","1","1","",".281",".326",".471",".798",".341","","-0.6","-0.2","","-0.9","1.4","1.5","","161.4","17907"
"Taylor Walls","TBR","105","431","379","83","19","2","7","48","39","44","116","2","16","9","",".219",".301",".335",".636",".281","","-0.9","5.9","","-10.7","10.7","1.5","","561.3","22458"
"Yairo Muñoz","PHI","113","385","359","102","20","2","8","43","36","19","68","3","12","4","",".284",".324",".418",".742",".319","","0.4","0.9","","-0.8","2.4","1.5","","999.0","16313"
"Oswald Peraza","NYY","119","531","492","121","20","1","14","55","47","30","119","5","25","7","",".246",".295",".376",".671",".292","","1.7","-0.7","","-8.6","5.2","1.5","","599.8","sa3003305"
"Danny Mendick","CHW","125","447","398","93","15","1","10","47","41","41","95","4","7","5","",".234",".309",".352",".661",".292","","-1.1","3.8","","-9.5","8.7","1.4","","999.0","18889"
"Oswaldo Cabrera","NYY","123","524","486","113","22","1","18","57","66","31","131","2","16","5","",".233",".280",".393",".673",".290","","0.7","4.9","","-10.4","6.9","1.4","","999.0","sa916954"
"David Hamilton","BOS","107","481","445","102","21","4","8","48","35","32","108","2","33","5","",".229",".283",".348",".632",".276","","4.2","7.0","","-14.4","12.3","1.4","","999.0","sa3014434"
"Ramón Urías","BAL","110","407","365","92","22","0","11","45","46","33","98","7","2","2","",".252",".325",".403",".728",".318","","-0.8","-3.4","","-1.1","1.1","1.4","","482.3","18795"
"Niko Goodrum","","107","417","374","85","19","3","11","48","41","37","125","3","14","4","",".227",".300",".382",".682",".297","","0.8","0.5","","-6.0","5.1","1.3","","562.8","12092"
"Kyle Farmer","CIN","147","469","430","110","21","2","12","48","52","21","90","13","3","2","",".256",".308",".398",".705",".305","","-0.6","2.1","","-10.0","7.3","1.3","","489.7","14813"
"Nico Hoerner","CHC","86","323","292","81","14","2","3","35","31","24","47","5","7","4","",".277",".341",".370",".710",".311","","-0.6","4.5","","-3.8","5.7","1.3","","430.9","21479"
"Tyler Freeman","CLE","85","372","346","95","19","3","3","42","27","12","44","10","8","4","",".275",".316",".373",".689",".301","","-0.4","0.9","","-5.2","5.0","1.2","","999.0","sa3004755"
"Andrew Velazquez","LAA","110","374","341","81","18","4","8","50","37","27","108","2","22","4","",".238",".296",".384",".681",".295","","2.4","-0.5","","-4.2","3.6","1.2","","999.0","14196"
"Shay Whitcomb","HOU","107","478","446","103","16","0","17","57","59","25","149","3","17","3","",".231",".275",".381",".656",".284","","1.8","0.3","","-9.7","5.5","1.2","","999.0","sa3014948"
"Clay Dungan","KCR","103","470","433","115","19","2","6","67","41","26","72","6","14","5","",".266",".314",".360",".674",".296","","0.3","3.1","","-8.8","4.9","1.2","","999.0","sa1169803"
"Thairo Estrada","SFG","108","375","347","91","17","1","12","53","45","21","71","6","5","2","",".262",".315",".421",".735",".317","","-0.1","-4.5","","-0.1","-0.3","1.2","","598.8","16426"
"Zack Short","DET","96","369","314","64","13","1","13","46","40","45","107","5","4","1","",".204",".310",".376",".686",".301","","0.1","0.0","","-4.8","4.1","1.2","","999.0","19562"
"Jose Tena","CLE","113","471","447","104","21","1","14","59","50","19","126","3","8","4","",".233",".268",".378",".646",".277","","-0.4","5.8","","-15.7","11.0","1.1","","999.0","sa3005482"
"Arquímedes Gamboa","","113","415","368","74","13","3","7","43","30","43","120","1","10","3","",".201",".286",".310",".595",".267","","0.4","9.8","","-16.7","14.4","1.1","","999.0","sa877497"
"Juniel Querecuto","","102","412","384","101","14","4","9","50","43","22","75","1","7","3","",".263",".302",".391",".693",".298","","-0.2","3.9","","-10.7","8.4","1.1","","999.0","12140"
"Aledmys Díaz","HOU","92","338","308","77","18","0","9","35","45","20","59","7","1","1","",".250",".308",".396",".704",".303","","-0.5","1.4","","-3.2","2.6","1.1","","569.9","15937"
"Austin Martin","MIN","101","448","377","87","16","2","5","61","26","47","96","18","10","3","",".231",".342",".324",".665",".303","","0.3","-1.4","","-4.7","0.3","1.1","","600.2","sa3014454"
"Abiatal Avelino","","120","484","448","113","17","4","8","60","46","28","86","3","14","4","",".252",".299",".362",".661",".288","","0.7","2.9","","-13.5","8.2","1.1","","999.0","15496"
"Elvis Andrus","OAK","136","549","507","127","24","3","6","62","43","31","82","4","13","4","",".250",".296",".345",".641",".280","","0.5","-0.5","","-13.5","5.6","1.1","","563.4","8709"
"Jazz Chisholm Jr.","MIA","127","511","464","106","16","6","19","66","55","38","161","5","20","8","",".228",".292",".412",".704",".303","","0.3","-3.2","","-5.0","-1.3","1.1","","79.7","20454"
"Jordan Groshans","TOR","86","357","324","78","17","1","9","49","35","27","78","2","0","0","",".241",".301",".383",".684",".298","","-0.3","1.9","","-7.4","5.8","1.1","","600.4","sa3006893"
"Jose Rodriguez","CHW","121","543","521","136","22","2","17","63","56","17","90","1","17","6","",".261",".285",".409",".693",".295","","0.5","-5.7","","-8.4","0.3","1.0","","999.0","sa3005788"
"Brice Turang","MIL","125","529","477","112","20","3","10","72","46","45","111","2","15","6","",".235",".302",".352",".654",".286","","0.1","3.1","","-16.3","8.9","1.0","","999.0","sa3008294"
"Willi Castro","DET","139","551","507","128","23","7","12","65","51","27","128","9","12","4","",".252",".300",".396",".696",".300","","0.3","-3.3","","-7.4","-1.3","1.0","","525.6","17338"
"Kevin Newman","PIT","145","566","526","139","25","4","7","57","47","30","53","3","9","4","",".264",".307",".367",".674",".292","","-0.3","-1.4","","-13.7","4.8","1.0","","594.3","17696"
"Wilfredo Tovar","","110","420","387","92","15","2","6","47","36","26","63","2","6","4","",".238",".287",".333",".620",".272","","-0.8","5.8","","-14.6","10.4","1.0","","999.0","10416"
"Matt Reynolds","NYM","98","383","337","76","18","2","5","46","28","37","104","3","4","2","",".226",".305",".335",".641",".283","","-0.3","2.1","","-9.4","6.4","1.0","","999.0","13788"
"Bryson Brigman","MIA","112","451","407","95","17","3","5","43","28","33","83","4","7","4","",".233",".295",".327",".622",".275","","-0.6","5.2","","-15.5","10.2","1.0","","999.0","sa829857"
"Yolbert Sanchez","CHW","107","415","399","110","11","0","9","44","36","15","60","1","3","0","",".276",".304",".371",".675",".293","","0.2","1.4","","-7.4","2.9","1.0","","999.0","sa3011471"
"Christian Koss","BOS","102","457","422","102","19","3","10","49","40","25","100","4","7","3","",".242",".289",".372",".661",".287","","-0.2","3.0","","-14.0","8.0","1.0","","999.0","sa3011227"
"C.J. Hinojosa","","112","458","427","108","24","1","9","54","43","24","84","1","3","2","",".253",".292",".377",".669",".289","","-0.6","3.6","","-10.9","5.2","1.0","","999.0","sa658616"
"Jonathan Araúz","BOS","111","401","359","84","17","1","10","51","42","33","81","1","2","1","",".234",".298",".370",".668",".292","","-0.3","5.0","","-10.7","6.4","0.9","","999.0","20275"
"Starlin Castro","","121","499","463","126","25","2","11","48","58","29","86","1","1","2","",".272",".313",".406",".719",".308","","-1.0","-1.4","","-7.7","0.4","0.9","","596.7","4579"
"Eddys Leonard","LAD","110","502","464","107","18","2","20","58","64","31","136","6","5","2","",".231",".287",".407",".694",".299","","-0.2","-5.3","","-7.7","0.2","0.9","","999.0","sa3005554"
"Didi Gregorius","PHI","103","416","379","93","17","3","15","49","62","26","64","6","3","2","",".245",".300",".425",".725",".309","","-0.5","-3.7","","-5.6","0.9","0.9","","459.2","6012"
"Brendon Davis","LAA","126","521","474","108","20","2","20","51","58","34","145","7","8","3","",".228",".287",".405",".692",".298","","0.0","-2.4","","-8.2","-0.5","0.9","","999.0","sa875089"
"Gunnar Henderson","BAL","107","468","424","90","20","2","16","55","64","36","149","2","9","1","",".212",".275",".382",".657",".284","","1.1","0.4","","-12.4","5.5","0.9","","999.0","sa3011484"
"Drew Maggi","","99","404","358","78","14","2","9","47","37","33","117","11","9","5","",".218",".303",".344",".646",".288","","-0.6","0.9","","-10.3","5.4","0.9","","999.0","sa549144"
"Ronny Mauricio","NYM","119","501","474","105","17","3","18","51","57","22","131","3","8","6","",".222",".260",".384",".644",".276","","-1.2","2.5","","-16.0","8.1","0.9","","999.0","sa3006887"
"Cole Tucker","PIT","118","462","411","92","19","5","8","52","38","44","109","3","10","4","",".224",".302",".353",".655",".288","","0.0","0.6","","-12.4","5.7","0.9","","561.5","17326"
"Xavier Edwards","TBR","99","426","387","100","15","3","3","54","30","30","65","2","15","8","",".258",".313",".336",".649",".286","","-0.7","1.1","","-8.8","2.7","0.8","","999.0","sa3007018"
"J.C. Correa","HOU","111","488","462","120","22","1","9","64","47","22","68","2","5","5","",".260",".296",".370",".666",".289","","-1.5","0.8","","-10.9","2.6","0.8","","999.0","sa3014823"
"Mason McCoy","BAL","120","508","470","105","18","5","8","50","39","31","137","1","10","2","",".223",".271",".334",".605",".264","","0.8","7.6","","-22.2","13.2","0.8","","999.0","sa3002758"
"Brad Miller","","118","341","300","69","11","2","17","44","48","38","103","2","2","1","",".230",".320",".450",".770",".329","","-0.3","1.7","","1.3","-4.6","0.8","","552.4","12775"
"Freddy Galvis","","123","478","441","107","20","1","14","55","54","29","103","4","3","2","",".243",".294",".388",".681",".294","","-0.6","-1.1","","-12.2","4.2","0.8","","597.3","6609"
"Sergio Alcántara","CHC","111","385","338","75","10","2","6","42","26","41","99","2","6","2","",".222",".308",".317",".625",".280","","0.0","4.6","","-13.9","8.8","0.8","","999.0","16417"
"Noelvi Marte","SEA","112","534","495","108","17","1","20","63","65","36","138","3","13","3","",".218",".275",".378",".653",".283","","1.0","-5.6","","-10.9","0.3","0.7","","999.0","sa3008745"
"José Peraza","NYY","115","373","346","87","16","1","9","44","38","18","55","6","7","3","",".251",".298",".382",".680",".294","","-0.1","-0.1","","-6.6","1.3","0.7","","600.8","13593"
"Andrew Navigato","DET","97","368","333","71","12","1","8","41","31","25","91","5","7","4","",".213",".276",".327",".603",".266","","-0.6","6.7","","-16.0","10.8","0.7","","999.0","sa3010703"
"Greg Jones","TBR","73","322","294","63","10","2","7","33","26","23","103","4","18","3","",".214",".280",".333",".613",".270","","2.1","0.6","","-8.1","4.1","0.7","","999.0","sa3010151"
"Jose Fermin","CLE","102","405","371","95","14","2","8","55","37","21","52","8","6","5","",".256",".308",".369",".678",".297","","-1.2","-0.4","","-7.9","1.1","0.7","","999.0","sa917339"
"CJ Abrams","SDP","50","217","199","48","10","1","4","29","22","13","47","2","11","3","",".241",".292",".362",".653",".285","","0.8","2.2","","-4.9","4.6","0.7","","569.8","sa3010152"
"Nick Loftin","KCR","98","443","410","106","20","2","9","64","45","26","68","5","6","1","",".259",".310",".383",".693",".302","","0.4","-7.1","","-5.9","-2.3","0.7","","999.0","sa3014511"
"Terrin Vavra","BAL","76","339","299","73","14","2","7","39","27","33","71","2","8","4","",".244",".320",".375",".695",".305","","-0.4","-1.6","","-4.3","-0.3","0.7","","999.0","sa3007643"
"Matt Batten","SDP","126","496","453","108","16","2","7","59","33","38","139","1","19","5","",".238",".298",".329",".626",".277","","1.3","-0.6","","-14.5","4.9","0.7","","999.0","sa3004179"
"Tyler Fitzgerald","SFG","98","415","382","80","18","1","11","44","40","26","128","5","7","2","",".209",".268",".348",".616",".269","","0.3","7.3","","-16.0","8.8","0.7","","999.0","sa3011257"
"Jed Lowrie","","120","440","395","93","23","0","11","45","58","40","94","2","0","0","",".235",".307",".377",".684",".298","","-0.3","-5.3","","-4.9","-3.6","0.6","","594.2","4418"
"Jack Mayfield","LAA","111","420","387","89","20","1","15","46","51","23","91","4","6","1","",".230",".278",".403",".681",".292","","0.5","-1.1","","-8.3","0.4","0.6","","999.0","15402"
"Nick Allen","OAK","96","406","372","87","17","2","7","49","38","24","86","3","8","5","",".234",".284",".347",".630",".275","","-0.8","0.6","","-12.7","5.1","0.6","","999.0","sa3004723"
"Diego Castillo","PIT","113","466","426","106","23","1","10","49","38","32","63","4","7","3","",".249",".306",".378",".684",".299","","-0.2","-2.3","","-8.6","-0.6","0.6","","600.6","sa872839"
"Geraldo Perdomo","ARI","102","431","377","85","13","4","5","47","28","43","95","7","10","7","",".225",".315",".321",".636",".284","","-1.3","2.8","","-15.8","7.6","0.6","","596.2","22799"
"Liover Peguero","PIT","98","444","415","96","18","2","8","49","35","23","115","2","19","4","",".231",".274",".342",".616",".268","","1.8","3.5","","-17.2","8.4","0.6","","999.0","sa3005582"
"Tristan Gray","TBR","99","391","353","72","16","3","10","41","38","30","112","4","1","4","",".204",".272",".351",".623",".272","","-1.7","1.6","","-13.6","5.9","0.6","","999.0","sa829756"
"Jesus Bastidas","NYY","77","245","220","48","6","0","9","31","31","17","63","4","6","2","",".218",".284",".368",".652",".285","","0.2","2.3","","-6.0","3.2","0.5","","999.0","sa916969"
"Elliot Soto","","87","330","301","71","12","3","4","38","26","24","75","3","4","2","",".236",".298",".336",".633",".280","","-0.3","1.3","","-10.5","5.0","0.5","","999.0","11155"
"Braden Shewmake","ATL","87","365","344","79","16","2","10","36","37","18","81","2","5","2","",".230",".271",".375",".646",".279","","-0.1","3.2","","-14.0","7.3","0.5","","999.0","sa3010332"
"Marwin Gonzalez","","102","376","340","78","14","0","9","37","42","27","88","6","2","2","",".229",".296",".350",".646",".284","","-0.7","0.8","","-9.8","2.2","0.5","","999.0","5497"
"Ivan Johnson","CIN","85","360","333","77","15","1","12","39","38","24","107","3","7","4","",".231",".289",".390",".679",".295","","-0.5","0.0","","-10.8","4.0","0.5","","999.0","sa1169627"
"Daniel Robertson","","91","280","240","53","9","0","5","30","20","31","74","7","1","1","",".221",".326",".321",".647",".292","","-0.5","0.2","","-7.7","3.3","0.5","","999.0","14145"
"Orelvis Martinez","TOR","103","466","434","98","19","1","22","53","68","26","128","4","2","1","",".226",".275",".426",".702",".300","","-0.3","-7.3","","-8.8","-2.1","0.5","","999.0","sa3010692"
"Taylor Motter","","88","326","289","63","14","2","11","37","35","32","81","2","2","2","",".218",".298",".394",".693",".300","","-0.7","-0.5","","-6.9","0.7","0.5","","999.0","12399"
"Asdrúbal Cabrera","CIN","105","385","343","82","19","1","13","43","58","36","87","2","1","0","",".239",".312",".414",".726",".312","","-0.1","-4.0","","-5.4","-2.6","0.5","","599.8","4962"
"Cadyn Grenier","BAL","109","453","404","78","16","2","9","51","37","39","153","7","7","3","",".193",".274",".309",".584",".261","","-0.2","6.2","","-22.0","11.2","0.5","","999.0","sa3008140"
"Tyler Wade","LAA","129","344","309","69","13","3","4","44","21","29","87","3","19","6","",".223",".295",".324",".619",".274","","1.0","0.2","","-11.2","4.0","0.4","","462.7","15730"
"Chad De La Guerra","","58","231","212","48","11","1","7","24","21","17","68","2","4","1","",".226",".290",".387",".677",".294","","0.2","0.9","","-5.3","1.7","0.4","","999.0","sa875729"
"C.J. Chatham","","94","378","353","92","17","1","5","39","30","16","80","3","3","2","",".261",".295",".357",".652",".282","","-0.5","1.2","","-13.7","5.4","0.4","","999.0","sa873984"
"Daniel Pinero","DET","102","406","365","78","19","2","9","42","38","32","106","5","3","4","",".214",".284",".351",".635",".278","","-1.4","3.1","","-14.3","4.6","0.4","","999.0","sa738204"
"Ryan Fitzgerald","BOS","110","438","402","93","20","3","9","45","41","28","107","4","4","5","",".231",".286",".363",".649",".283","","-1.6","0.7","","-16.3","5.5","0.4","","999.0","sa3006218"
"Sean Kazmar Jr.","","81","277","257","56","11","1","7","26","23","15","49","2","2","0","",".218",".264",".350",".615",".265","","0.2","7.4","","-13.5","8.4","0.4","","999.0","7349"
"José Rondón","","77","214","197","45","8","1","9","25","27","14","52","1","3","1","",".228",".280",".416",".697",".298","","0.0","-0.7","","-3.1","0.1","0.4","","999.0","14140"
"Joseph Ortiz","BAL","45","194","179","41","7","1","4","20","15","13","38","2","3","0","",".229",".289",".346",".635",".279","","0.4","1.2","","-5.9","3.4","0.4","","999.0","sa3009889"
"Allen Córdoba","CIN","91","377","343","85","18","2","6","49","36","21","73","9","9","7","",".248",".307",".364",".671",".294","","-1.4","2.4","","-12.3","3.8","0.4","","999.0","15722"
"Max Schuemann","OAK","118","494","449","95","21","2","7","50","34","30","116","11","26","5","",".212",".276",".314",".590",".262","","2.7","-1.3","","-17.0","4.2","0.4","","999.0","sa3007511"
"Ji-hwan Bae","PIT","95","411","373","90","15","4","7","44","30","31","95","3","16","7","",".241",".303",".359",".662",".290","","-0.1","-1.1","","-10.2","0.4","0.4","","999.0","sa3006895"
"Jacob Amaya","LAD","120","509","465","100","19","2","12","58","52","35","114","2","4","1","",".215",".271",".342",".613",".268","","0.0","2.3","","-21.0","7.9","0.4","","999.0","sa3005081"
"Ford Proctor","TBR","104","433","380","79","15","1","7","50","34","45","118","3","4","4","",".208",".295",".308",".603",".270","","-1.2","-3.9","","-15.1","4.1","0.4","","999.0","sa876187"
"Vimael Machín","OAK","112","449","394","89","17","2","7","52","38","45","91","4","3","1","",".226",".309",".332",".642",".283","","-0.2","-2.6","","-10.6","-0.9","0.4","","999.0","17684"
"Yadiel Rivera","","103","285","269","58","8","1","6","28","25","11","81","1","9","4","",".216",".247",".320",".567",".246","","-0.1","6.3","","-15.8","9.5","0.3","","999.0","11863"
"Pedro Leon","HOU","79","332","296","58","9","1","9","42","32","31","110","5","14","7","",".196",".283",".324",".607",".270","","-0.4","0.3","","-12.1","4.0","0.3","","999.0","sa3014838"
"Alan Trejo","COL","120","448","416","97","20","2","13","49","47","22","111","3","2","4","",".233",".275",".385",".659",".283","","-1.6","6.8","","-23.4","11.7","0.3","","999.0","20056"
"Pete Kozma","","109","436","402","82","19","2","4","42","31","25","92","4","4","1","",".204",".255",".291",".546",".241","","0.1","8.4","","-24.9","13.2","0.3","","999.0","2539"
"Jeter Downs","BOS","110","454","409","87","18","2","14","51","45","32","130","4","17","4","",".213",".273",".369",".643",".278","","1.4","-1.9","","-15.4","3.1","0.3","","598.9","sa3004615"
"Gage Workman","DET","124","536","501","104","27","2","13","50","49","29","165","2","16","4","",".208",".253",".347",".600",".259","","1.2","2.9","","-24.4","8.8","0.3","","999.0","sa3014441"
"Tim Beckham","","81","321","298","70","15","1","13","37","42","20","87","2","2","2","",".235",".287",".423",".709",".304","","-0.7","-8.3","","-3.6","-4.7","0.3","","999.0","7949"
"Max Moroff","","53","181","158","33","7","0","6","21","20","20","53","2","2","1","",".209",".306",".367",".673",".298","","-0.2","-1.4","","-2.8","-0.7","0.2","","999.0","14556"
"Cristian Perez","NYY","90","303","281","63","10","1","4","30","21","17","52","3","8","3","",".224",".275",".310",".584",".259","","0.1","5.0","","-14.1","6.2","0.2","","999.0","sa917025"
"Jecksson Flores","WSN","98","375","338","77","14","1","6","36","29","25","69","4","8","3","",".228",".286",".328",".615",".271","","0.1","2.1","","-16.3","6.2","0.2","","999.0","sa597007"
"Chris Owings","","96","305","279","62","14","2","9","34","32","23","92","2","8","4","",".222",".285",".384",".669",".289","","-0.3","4.5","","-13.6","5.6","0.2","","600.7","10030"
"Nick Sogard","BOS","85","352","317","76","12","1","7","37","29","25","72","3","8","4","",".240",".298",".350",".648",".283","","-0.4","0.7","","-12.0","2.0","0.2","","999.0","sa1169919"
"Andrew Romine","CHC","93","312","291","71","8","2","3","35","21","17","65","2","5","4","",".244",".289",".316",".606",".268","","-0.9","3.4","","-15.3","6.8","0.2","","999.0","1159"
"Tzu-Wei Lin","","73","256","235","54","12","1","3","27","18","18","63","0","5","3","",".230",".283",".328",".611",".269","","-0.4","2.6","","-10.5","3.5","0.2","","999.0","14678"
"Davis Wendzel","TEX","66","271","245","53","10","0","6","32","25","19","67","5","1","2","",".216",".285",".331",".616",".273","","-0.8","1.6","","-10.2","2.6","0.2","","999.0","sa3011890"
"Jake Elmore","","98","360","325","83","17","0","3","38","27","28","59","4","3","6","",".255",".320",".335",".656",".290","","-2.2","0.7","","-12.3","2.0","0.2","","999.0","7290"
"Connor Kaiser","PIT","69","266","235","42","8","0","5","25","19","26","76","2","2","1","",".179",".265",".277",".542",".246","","-0.2","6.4","","-16.6","9.3","0.2","","999.0","sa3007823"
"Luke Waddell","ATL","35","134","123","29","4","0","5","15","14","8","27","1","2","1","",".236",".286",".390",".676",".292","","-0.1","-0.6","","-3.8","0.9","0.2","","999.0","sa3017075"
"Clayton Daniel","LAD","63","229","210","48","8","1","3","25","19","16","42","1","1","2","",".229",".285",".319",".604",".267","","-0.8","3.4","","-10.3","4.2","0.2","","999.0","sa3007646"
"Ronald Torreyes","PHI","112","380","352","86","13","1","8","37","39","18","46","3","2","1","",".244",".285",".355",".640",".277","","-0.3","2.3","","-14.9","3.7","0.1","","596.9","11400"
"Grant Williams","BOS","101","368","343","85","15","2","3","33","24","18","48","3","7","6","",".248",".290",".329",".619",".272","","-1.4","4.4","","-17.0","5.8","0.1","","999.0","sa3006724"
"Edwin Díaz","HOU","101","397","361","64","17","2","11","36","36","29","143","4","2","0","",".177",".245",".327",".572",".250","","0.2","5.8","","-19.6","7.3","0.1","","999.0","sa738152"
"Daniel Schneemann","CLE","62","228","211","48","7","1","4","25","18","14","59","2","6","2","",".227",".281",".327",".608",".268","","0.2","-0.1","","-9.0","2.4","0.1","","999.0","sa3006936"
"Cameron Cannon","BOS","97","427","402","99","24","1","8","49","39","18","70","6","5","3","",".246",".289",".371",".659",".287","","-0.6","-1.7","","-13.3","-0.1","0.1","","999.0","sa3011467"
"Rubén Tejada","","86","328","296","64","11","1","4","31","21","23","66","6","2","2","",".216",".284",".301",".585",".262","","-0.7","3.8","","-15.1","5.0","0.1","","999.0","5519"
"Grae Kessinger","HOU","89","344","317","62","10","0","8","32","25","21","87","4","10","4","",".196",".254",".303",".556",".247","","0.1","4.2","","-18.8","8.0","0.1","","999.0","sa3010327"
"Kramer Robertson","STL","118","466","408","88","17","2","9","59","41","44","91","9","9","4","",".216",".305",".333",".638",".285","","-0.3","-4.6","","-12.0","-2.9","0.1","","999.0","sa857820"
"Tanner Morris","TOR","99","445","401","92","17","2","8","58","38","35","99","5","2","1","",".229",".298",".342",".640",".282","","-0.4","-1.2","","-15.1","0.4","0.0","","999.0","sa3009873"
"Patrick Frick","SEA","100","420","376","88","12","0","5","57","31","33","96","8","4","2","",".234",".308",".306",".614",".277","","-0.4","-6.7","","-11.8","-2.1","0.0","","999.0","sa3009891"
"Luis Vazquez","CHC","71","280","261","58","6","1","4","29","20","14","63","4","5","2","",".222",".272",".299",".571",".254","","-0.1","4.0","","-16.0","7.1","0.0","","999.0","sa3005131"
"Dalton Guthrie","PHI","92","343","320","70","13","2","6","33","26","17","81","4","4","3","",".219",".266",".328",".594",".259","","-0.7","4.2","","-19.0","7.9","0.0","","999.0","sa829836"
"Pat Valaika","","120","390","366","86","14","0","11","36","42","19","98","1","1","2","",".235",".272",".363",".636",".275","","-0.9","0.7","","-15.1","2.1","0.0","","999.0","14885"
"Nick Maton","PHI","115","422","376","79","16","2","9","46","39","37","117","4","6","4","",".210",".286",".335",".621",".273","","-0.8","-0.2","","-18.3","4.5","0.0","","999.0","21635"
"Andruw Monasterio","MIL","106","420","375","83","14","2","6","47","31","35","114","3","5","4","",".221",".290",".317",".608",".270","","-1.0","4.3","","-19.6","5.9","0.0","","999.0","sa830359"
"Humberto Arteaga","","92","351","331","75","12","1","5","31","25","14","71","2","4","2","",".227",".261",".314",".575",".251","","-0.3","6.0","","-21.4","9.9","0.0","","999.0","13595"
"Lenyn Sosa","CHW","128","539","519","120","22","1","11","52","44","14","123","3","3","5","",".231",".255",".341",".596",".257","","-1.8","3.5","","-27.7","9.4","0.0","","999.0","sa3004051"
"Richard Ureña","WSN","111","413","383","90","19","2","8","43","40","19","101","2","2","2","",".235",".272",".358",".630",".272","","-0.7","3.3","","-18.5","4.8","0.0","","999.0","16411"
"Wilmer Difo","","122","350","317","76","11","3","4","37","26","29","74","1","4","2","",".240",".304",".331",".635",".280","","-0.3","-1.1","","-12.0","0.2","0.0","","999.0","14320"
"José Devers","MIA","46","145","132","30","6","1","1","16","11","9","29","2","1","0","",".227",".285",".311",".595",".264","","0.1","-0.7","","-6.0","0.9","0.0","","999.0","20540"
"Jeremy Rivera","","87","329","305","71","11","1","5","31","21","18","74","2","6","2","",".233",".279",".325",".604",".266","","0.1","0.2","","-15.5","3.8","-0.1","","999.0","sa829240"
"Royce Lewis","MIN","98","430","401","91","18","2","8","44","38","23","93","2","15","8","",".227",".270",".342",".612",".265","","-0.7","-1.2","","-18.9","3.5","-0.1","","999.0","sa3004259"
"Lucius Fox","WSN","93","384","340","71","16","4","6","43","30","38","104","4","21","5","",".209",".295",".332",".627",".279","","1.8","-2.4","","-12.5","-1.0","-0.1","","999.0","sa914200"
"Deven Marrero","MIA","95","313","285","58","9","1","7","35","26","25","90","1","4","1","",".204",".269",".316",".585",".259","","0.2","2.0","","-14.4","3.1","-0.1","","999.0","13325"
"Quincy McAfee","CIN","92","335","293","63","14","1","6","43","29","29","67","8","5","3","",".215",".300",".331",".631",".282","","-0.5","0.4","","-13.7","1.7","-0.1","","999.0","sa1159899"
"Ricardo Cubillan","BOS","32","101","89","19","3","1","1","10","5","10","24","1","1","1","",".213",".297",".303",".600",".270","","-0.3","-0.1","","-4.8","0.2","-0.1","","999.0","sa917089"
"Alcides Escobar","WSN","103","432","399","98","20","1","6","50","36","22","77","6","4","1","",".246",".293",".346",".639",".280","","0.0","-4.6","","-15.7","0.2","-0.1","","582.3","6310"
"Seth Mejias-Brean","","95","364","337","80","12","2","9","39","36","24","81","2","4","2","",".237",".291",".365",".656",".285","","-0.3","0.8","","-10.5","-3.3","-0.1","","999.0","13905"
"Ryan Goins","","105","364","331","72","14","1","5","39","28","28","108","1","2","2","",".218",".279",".311",".590",".262","","-0.7","2.2","","-19.7","6.2","-0.2","","999.0","9807"
"Jackson Cluff","WSN","55","234","211","41","6","2","5","21","16","15","67","5","5","3","",".194",".262",".313",".575",".252","","-0.4","2.5","","-14.3","5.0","-0.2","","999.0","sa3010342"
"Kyle Holder","COL","90","353","320","78","16","2","6","41","30","23","69","3","3","2","",".244",".299",".363",".661",".289","","-0.5","-1.3","","-15.9","2.6","-0.2","","999.0","sa857840"
"Luis Marté","","75","276","260","56","9","0","4","26","20","11","71","1","6","2","",".215",".248",".296",".544",".238","","0.2","3.5","","-17.4","6.5","-0.2","","999.0","14515"
"Richie Martin","BAL","80","254","230","50","8","2","4","22","17","16","64","5","6","4","",".217",".282",".322",".603",".268","","-0.7","-1.7","","-11.5","1.1","-0.2","","999.0","17736"
"Laz Rivera","CHW","104","408","381","86","16","1","7","39","32","11","94","10","8","7","",".226",".265",".328",".593",".259","","-1.6","3.3","","-20.5","4.8","-0.2","","999.0","sa3004128"
"Vinny Capra","TOR","93","360","328","71","14","1","7","39","31","23","97","4","6","2","",".216",".274",".329",".603",".265","","0.1","1.5","","-16.8","2.8","-0.2","","999.0","sa3006731"
"Angelo Castellano","KCR","97","333","302","63","12","1","6","34","27","20","81","3","6","3","",".209",".262",".315",".577",".254","","-0.3","3.9","","-18.4","5.2","-0.2","","999.0","sa657521"
"Zach Remillard","CHW","108","425","390","77","11","1","10","41","34","25","132","6","8","4","",".197",".255",".308",".563",".249","","-0.4","2.7","","-23.7","7.3","-0.2","","999.0","sa659077"
"Scott Kingery","PHI","115","406","374","82","21","2","11","45","35","25","127","3","10","2","",".219",".272",".374",".646",".278","","0.9","-2.8","","-14.4","-1.3","-0.2","","600.3","17975"
"Evan Mendoza","STL","108","420","385","85","11","1","2","43","23","25","103","2","9","3","",".221",".269",".270",".539",".240","","0.2","5.0","","-25.9","9.6","-0.2","","999.0","sa3002836"
"Will Wilson","SFG","102","454","418","81","16","1","12","44","36","30","136","4","5","1","",".194",".254",".323",".577",".254","","0.3","0.9","","-23.4","5.9","-0.3","","999.0","sa3009871"
"Rayder Ascanio","","90","298","275","58","9","0","6","26","23","19","64","2","2","2","",".211",".266",".309",".575",".253","","-0.7","2.3","","-16.0","3.4","-0.3","","999.0","sa735861"
"Cody Bohanek","NYM","103","382","334","56","10","1","8","34","25","32","130","11","9","5","",".168",".261",".275",".536",".243","","-0.6","2.8","","-22.5","7.0","-0.3","","999.0","sa3004157"
"Luis Aviles Jr.","MIA","81","328","301","61","13","1","8","30","28","19","97","2","13","3","",".203",".252",".332",".585",".254","","1.1","-1.9","","-15.4","1.7","-0.3","","999.0","sa738445"
"Kelvin Melean","SDP","98","375","346","75","15","1","6","45","32","21","74","5","5","3","",".217",".270",".318",".588",".259","","-0.5","1.4","","-18.1","2.8","-0.3","","999.0","sa917141"
"Alika Williams","TBR","85","384","355","80","13","0","5","46","30","16","80","3","4","4","",".225",".261",".304",".565",".247","","-1.2","0.5","","-20.8","4.7","-0.3","","999.0","sa3014427"
"Pedro Florimón","","103","372","333","63","11","2","6","40","29","33","127","2","5","1","",".189",".264",".288",".552",".247","","0.3","0.9","","-20.8","5.0","-0.4","","999.0","8385"
"Delvin Pérez","STL","109","469","442","99","11","3","3","38","21","19","106","5","18","6","",".224",".263",".283",".546",".242","","0.7","3.4","","-27.6","8.6","-0.4","","999.0","sa917935"
"Jordy Mercer","","73","251","234","57","13","0","5","22","19","15","55","2","0","0","",".244",".295",".363",".658",".286","","-0.2","-4.8","","-8.0","-3.8","-0.4","","999.0","6547"
"Joe Dunand","MIA","103","400","361","70","14","1","7","37","31","25","119","8","0","0","",".194",".258",".296",".555",".245","","-0.3","5.2","","-23.5","6.6","-0.4","","999.0","sa3005360"
"Logan Warmoth","TOR","102","406","359","68","13","2","7","44","30","35","144","7","10","3","",".189",".272",".295",".568",".255","","0.4","3.1","","-22.0","4.6","-0.4","","999.0","sa3004813"
"Ehire Adrianza","","95","224","198","48","11","2","4","29","22","19","46","3","1","1","",".242",".314",".379",".693",".300","","-0.4","-3.7","","-5.0","-6.1","-0.4","","999.0","8418"
"Jack Reinheimer","","95","363","330","69","10","1","4","40","24","24","88","3","12","3","",".209",".266",".282",".548",".244","","0.9","-1.4","","-18.7","2.6","-0.4","","999.0","14938"
"Leonardo Rivas","CIN","76","313","280","60","9","2","3","39","19","31","82","1","6","3","",".214",".295",".293",".588",".266","","-0.3","1.4","","-16.7","2.6","-0.4","","999.0","sa872542"
"Eric Stamets","","76","265","244","51","7","2","4","23","18","17","71","2","6","1","",".209",".265",".303",".568",".252","","0.6","3.5","","-19.1","6.4","-0.4","","999.0","13795"
"Jancarlos Cintron","ARI","98","399","374","88","15","1","6","39","30","18","68","4","8","4","",".235",".276",".329",".605",".265","","-0.4","1.3","","-19.9","2.8","-0.4","","999.0","sa3004065"
"Alfredo Rodriguez","CIN","119","465","431","107","16","2","3","55","29","21","88","5","5","4","",".248",".289",".316",".604",".265","","-1.1","4.4","","-25.6","6.1","-0.4","","999.0","sa922180"
"Marco Luciano","SFG","110","470","433","90","13","2","18","54","54","29","139","4","4","3","",".208",".263",".372",".635",".274","","-0.8","-7.7","","-17.2","-2.5","-0.4","","999.0","sa3010022"
"Erik González","MIA","87","265","250","58","10","1","3","23","23","11","57","1","3","2","",".232",".265",".316",".581",".254","","-0.4","-0.2","","-13.9","0.8","-0.4","","600.0","13369"
"Jake Hoover","","46","163","146","26","7","1","1","15","10","13","52","2","4","1","",".178",".253",".260",".513",".232","","0.3","0.3","","-10.9","0.9","-0.4","","999.0","sa3010280"
"Gilbert Lara","WSN","126","480","454","97","18","2","11","50","46","20","128","3","2","2","",".214",".251",".335",".586",".254","","-0.7","2.7","","-28.4","8.0","-0.5","","999.0","sa877337"
"Jake Gatewood","LAA","110","458","425","76","14","1","20","44","58","25","190","4","3","1","",".179",".230",".358",".587",".251","","-0.1","3.1","","-25.0","4.8","-0.5","","999.0","sa828685"
"Ali Castillo","PHI","105","364","336","82","13","3","5","39","31","19","60","2","4","4","",".244",".285",".345",".631",".274","","-1.2","-2.2","","-15.9","-0.8","-0.5","","999.0","sa507143"
"Leonel Valera","LAD","109","461","430","83","13","2","16","48","54","24","161","5","11","3","",".193",".243",".344",".588",".254","","0.7","-1.7","","-23.5","3.4","-0.5","","999.0","sa917320"
"Ethan Paul","PIT","52","179","160","29","5","0","1","20","9","17","61","2","3","0","",".181",".268",".231",".499",".233","","0.5","1.0","","-12.5","1.7","-0.5","","999.0","sa3011423"
"Blaze Alexander","ARI","100","425","386","75","13","1","13","47","38","33","137","4","13","2","",".194",".264",".334",".598",".263","","1.5","-3.7","","-20.0","1.0","-0.5","","999.0","sa3007742"
"Peter Maris","","76","243","221","46","8","2","5","24","22","17","69","1","2","1","",".208",".266",".330",".596",".261","","-0.2","-2.8","","-11.4","-1.9","-0.5","","999.0","sa877608"
"Logan Davidson","OAK","111","477","433","78","17","1","7","54","37","39","150","1","3","1","",".180",".248",".273",".521",".234","","-0.1","3.5","","-30.5","8.8","-0.6","","999.0","sa918676"
"Simon Whiteman","SFG","94","399","356","71","12","1","3","43","21","37","120","4","20","5","",".199",".281",".264",".545",".250","","1.6","0.2","","-20.6","1.6","-0.6","","999.0","sa1169809"
"Camden Duzenack","ARI","94","371","342","66","12","2","10","37","34","19","113","6","6","3","",".193",".246",".327",".573",".250","","-0.3","3.7","","-23.2","5.1","-0.6","","999.0","sa873988"
"Coco Montes","COL","122","505","467","109","23","2","11","53","48","26","125","5","3","7","",".233",".279",".362",".641",".278","","-2.7","0.9","","-29.3","6.4","-0.6","","999.0","sa3006715"
"Omar Estévez","LAD","108","418","377","77","17","1","9","45","40","31","118","2","0","1","",".204",".265",".326",".591",".259","","-0.7","-0.9","","-20.8","0.6","-0.6","","999.0","sa914242"
"Kevin Vicuña","","103","398","366","77","13","2","4","44","26","20","100","7","11","5","",".210",".263",".290",".553",".246","","-0.2","1.7","","-25.7","6.0","-0.7","","999.0","sa872466"
"Galli Cribbs Jr.","","70","232","211","35","5","2","2","18","13","14","88","4","3","1","",".166",".230",".237",".467",".212","","0.0","3.0","","-19.8","5.5","-0.7","","999.0","sa708444"
"Devin Hairston","MIA","97","346","318","55","10","1","4","29","20","23","119","1","3","2","",".173",".230",".248",".479",".215","","-0.5","7.2","","-29.1","11.0","-0.7","","999.0","sa915575"
"Demetrius Sims","MIA","90","346","310","56","11","1","5","32","21","26","125","7","10","5","",".181",".258",".271",".529",".238","","-0.3","0.2","","-22.4","4.0","-0.7","","999.0","sa3004390"
"Ray-Patrick Didder","MIA","104","385","342","64","13","2","5","40","23","31","113","8","13","5","",".187",".269",".281",".550",".249","","0.2","-3.1","","-21.0","1.2","-0.7","","999.0","sa736824"
"Max Burt","NYY","100","366","338","66","10","1","8","38","31","19","102","5","5","2","",".195",".247",".302",".548",".241","","-0.1","1.5","","-22.5","2.8","-0.7","","999.0","sa3007631"
"Wander Javier","MIN","101","431","404","75","12","4","14","41","45","19","153","4","1","1","",".186",".228",".339",".568",".244","","-0.5","-0.6","","-26.2","4.2","-0.7","","999.0","sa917168"
"Errol Robinson","","86","316","284","58","9","0","4","32","18","29","93","2","7","4","",".204",".282",".278",".560",".253","","-0.5","-0.9","","-20.6","2.6","-0.8","","999.0","sa857819"
"Luis García","PHI","115","503","464","95","14","2","16","52","47","33","138","2","8","4","",".205",".259",".347",".606",".264","","-0.4","-4.6","","-25.2","1.0","-0.8","","999.0","sa3007295"
"Eduardo Torrealba","NYY","86","317","293","68","9","1","6","31","21","17","61","4","5","2","",".232",".283",".331",".614",".270","","-0.1","-7.6","","-11.9","-6.5","-0.8","","999.0","sa917095"
"Cam Devanney","MIL","84","329","295","54","9","1","6","37","26","23","97","6","4","4","",".183",".254",".281",".535",".240","","-1.1","4.0","","-23.9","5.2","-0.8","","999.0","sa1170010"
"JT Riddle","","95","342","317","63","13","1","6","40","28","16","64","5","3","2","",".199",".247",".303",".550",".241","","-0.5","-1.4","","-22.0","2.4","-0.8","","999.0","17642"
"Ian Desmond","COL","129","464","425","103","24","5","17","59","59","33","115","3","7","3","",".242",".300",".442",".743",".316","","-0.2","-8.6","","-9.8","-13.7","-0.8","","999.0","6885"
"Connor Justus","","99","362","323","59","11","1","5","35","23","30","106","6","3","3","",".183",".263",".269",".533",".242","","-0.9","1.5","","-23.5","2.9","-0.8","","999.0","sa873634"
"Marcos Gonzalez","CLE","73","267","248","51","10","0","8","22","20","15","92","2","0","2","",".206",".256",".343",".598",".261","","-1.0","0.6","","-13.4","-4.3","-0.9","","999.0","sa3003311"
"Wenceel Perez","DET","123","511","480","110","16","3","6","58","35","25","96","2","13","4","",".229",".269",".313",".582",".256","","0.5","-2.7","","-25.3","-0.8","-0.9","","999.0","sa3003326"
"Justin Twine","","90","326","301","57","8","3","4","27","22","14","112","5","8","2","",".189",".235",".276",".511",".224","","0.6","3.1","","-24.0","4.3","-0.9","","999.0","sa828686"
"Zack Kone","","69","258","239","42","7","1","3","22","15","18","91","1","3","1","",".176",".236",".251",".487",".220","","0.0","1.9","","-20.4","2.8","-0.9","","999.0","sa3008293"
"Yasel Antuna","WSN","114","488","453","95","22","1","13","60","53","29","113","2","3","2","",".210",".259",".349",".608",".264","","-0.5","-6.2","","-24.8","-0.8","-0.9","","999.0","sa962601"
"Josue Huma","CHC","99","368","341","69","11","1","5","44","28","22","82","3","5","1","",".202",".256",".284",".541",".241","","0.3","1.7","","-24.8","3.1","-1.0","","999.0","sa3003379"
"Jeremy Eierman","OAK","97","409","380","65","13","2","10","34","34","21","151","5","7","3","",".171",".223",".295",".518",".227","","-0.1","2.8","","-28.4","4.3","-1.0","","999.0","sa3007005"
"Anderson Tejeda","STL","86","340","318","54","11","1","9","28","29","20","142","1","10","3","",".170",".221",".296",".516",".226","","0.6","-0.9","","-24.6","2.9","-1.1","","999.0","19909"
"Taylor Snyder","COL","114","455","417","92","18","2","17","47","51","29","138","3","9","2","",".221",".274",".396",".669",".287","","0.7","-0.8","","-19.7","-5.8","-1.1","","999.0","sa738930"
"Zach Vincej","","101","396","371","80","16","0","7","36","34","18","74","2","1","3","",".216",".254",".315",".569",".247","","-1.3","-3.9","","-21.7","-2.4","-1.1","","999.0","13269"
"Delvin Zinn","CHC","105","426","394","80","10","1","4","39","24","21","99","4","23","8","",".203",".249",".264",".513",".229","","0.9","2.9","","-32.3","7.6","-1.1","","999.0","sa875884"
"Casey Martin","PHI","105","455","425","82","15","1","10","53","41","24","123","4","10","3","",".193",".242",".304",".546",".240","","0.5","0.0","","-31.0","5.0","-1.1","","999.0","sa3014524"
"Kevin Merrell","","95","360","335","66","11","3","4","31","24","19","100","2","10","3","",".197",".243",".284",".527",".231","","0.5","0.0","","-25.0","1.3","-1.1","","999.0","sa915707"
"Andy Weber","CHC","102","417","382","75","19","3","2","35","25","26","123","4","2","0","",".196",".254",".277",".531",".235","","0.1","0.5","","-30.5","5.1","-1.2","","999.0","sa3008282"
"Scott Burcham","","63","185","170","33","7","0","3","16","11","12","56","1","2","2","",".194",".250",".288",".538",".236","","-0.6","-2.0","","-16.7","-1.3","-1.2","","999.0","sa875782"
"Miguel Hernandez","CIN","112","441","416","98","17","1","3","54","29","19","89","1","4","2","",".236",".269",".303",".572",".252","","-0.4","-3.1","","-28.6","1.8","-1.2","","999.0","sa917055"
"Christopher Morel","CHC","113","459","418","86","15","3","15","50","54","31","136","2","12","3","",".206",".262",".364",".625",".270","","0.8","-10.3","","-19.3","-8.6","-1.3","","999.0","sa3003171"
"Cesar Izturis Jr.","SEA","103","411","390","82","14","0","4","45","29","15","95","2","4","3","",".210",".242",".277",".519",".229","","-0.7","-0.7","","-28.3","0.8","-1.4","","999.0","sa3002847"
"Freudis Nova","HOU","86","336","316","61","11","1","4","28","18","19","108","1","7","2","",".193",".241",".272",".513",".228","","0.3","-5.7","","-23.2","-2.0","-1.4","","999.0","sa3003195"
"Mikey White","","80","338","308","58","14","0","7","33","31","23","109","4","1","1","",".188",".252",".302",".554",".244","","-0.4","-0.3","","-19.0","-6.5","-1.4","","999.0","sa658966"
"Livan Soto","LAA","108","468","432","86","13","3","10","46","34","28","111","2","9","3","",".199",".249",".313",".562",".246","","0.2","-8.1","","-27.2","-2.9","-1.4","","999.0","sa3004264"
"Yeison Coca","MIL","99","354","328","61","10","2","6","34","26","23","116","1","7","6","",".186",".241",".284",".524",".232","","-1.3","-0.5","","-28.0","0.8","-1.6","","999.0","sa917075"
"Mitch Roman","CHW","89","331","303","55","7","1","2","27","16","23","115","2","10","3","",".182",".242",".231",".473",".216","","0.5","-1.5","","-26.8","-0.3","-1.6","","999.0","sa918259"
"Elvis Peralta","OAK","72","267","245","43","8","1","2","26","15","18","86","3","9","2","",".176",".241",".241",".481",".219","","0.8","-7.2","","-19.5","-6.2","-1.7","","999.0","sa1170420"
"Luis Curbelo","CHW","117","477","448","77","17","2","19","46","55","24","198","2","1","1","",".172",".216",".346",".562",".240","","-0.4","-6.2","","-30.1","-4.5","-1.8","","999.0","sa918086"
"Yeltsin Encarnacion","","91","334","308","55","5","2","2","28","15","20","99","1","4","6","",".179",".229",".227",".456",".204","","-1.9","-3.8","","-32.9","-2.6","-2.4","","999.0","sa875336"
