Rank	Player	Team	Position(s)	ADP	Min Pick	Max Pick	Difference	# Picks	Team	Team Pick
1	Ohtani, Shohei	LAA	P, UT	8.09	1	20		143		
2	Cole, Gerrit	NYY	P	9.09	2	18		143		
3	Burnes, Corbin	MLW	P	10.50	2	27		143		
4	Buehler, Walker	LAD	P	15.18	3	31		143		
5	Scherzer, Max	NYM	P	17.14	5	36		143		
6	Woodruff, Brandon	MLW	P	18.37	10	32		143		
7	Wheeler, Zack	PHI	P	23.06	12	38		143		
8	deGrom, Jacob	NYM	P	23.80	12	54		143		
9	Bieber, Shane	CLE	P	29.68	18	50		143		
10	Hendriks, Liam	CWS	P	34.48	16	76		143		
11	Urias, Julio	LAD	P	34.80	21	68		143		
12	Hader, Josh	MLW	P	36.37	22	87		143		
13	Alcantara, Sandy	MIA	P	38.88	19	66		143		
14	Giolito, Lucas	CWS	P	40.36	16	68		143		
15	Nola, Aaron	PHI	P	41.03	24	65		143		
16	Ray, Robbie	SEA	P	46.80	21	75		143		
17	Sale, Chris	BOS	P	52.21	26	118		143		
18	Peralta, Freddy	MLW	P	56.29	40	93		143		
19	Webb, Logan	SF	P	57.73	32	106		143		
20	Iglesias, Raisel	LAA	P	59.47	33	135		143		
21	Gausman, Kevin	TOR	P	60.52	28	93		143		
22	Lynn, Lance	CWS	P	62.57	44	90		143		
23	Clase, Emmanuel	CLE	P	65.20	36	154		143		
24	Flaherty, Jack	STL	P	66.64	40	104		143		
25	Diaz, Edwin	NYM	P	70.19	36	155		143		
26	Fried, Max	ATL	P	71.70	43	97		143		
27	Pressly, Ryan	HOU	P	72.73	48	180		143		
28	Berrios, Jose	TOR	P	73.10	46	102		143		
29	Castillo, Luis	CIN	P	77.87	32	102		143		
30	Musgrove, Joe	SD	P	79.68	54	113		143		
31	Chapman, Aroldis	NYY	P	82.84	51	177		143		
32	Montas, Frankie	OAK	P	85.46	51	125		143		
33	Cease, Dylan	CWS	P	86.04	56	124		143		
34	Manoah, Alek	TOR	P	87.97	51	118		143		
35	Jansen, Kenley	LAD	P	89.62	55	180		143		
36	Rogers, Trevor	MIA	P	94.63	63	136		143		
37	Morton, Charlie	ATL	P	96.15	57	141		143		
38	Darvish, Yu	SD	P	98.01	66	123		143		
39	Smith, Will	ATL	P	100.45	49	238		143		
40	Romano, Jordan	TOR	P	105.92	54	241		143		
41	McClanahan, Shane	TB	P	108.62	64	163		143		
42	Gallegos, Giovanny	STL	P	112.31	55	334		143		
43	Verlander, Justin	HOU	P	113.87	21	206		143		
44	Snell, Blake	SD	P	121.63	63	169		143		
45	Mahle, Tyler	CIN	P	122.93	85	180		143		
46	Lopez, Pablo	MIA	P	123.62	88	202		143		
47	Rodon, Carlos	CWS	P	127.71	61	200		143		
48	Eovaldi, Nathan	BOS	P	131.43	92	175		143		
49	Melancon, Mark	ARZ	P	133.00	67	317		143		
50	Baz, Shane	TB	P	138.36	98	235		143		
51	Valdez, Framber	HOU	P	138.97	104	174		143		
52	Bassitt, Chris	OAK	P	140.28	80	200		143		
53	Anderson, Ian	ATL	P	141.31	95	189		143		
54	Gallen, Zac	ARZ	P	141.99	110	192		143		
55	Kimbrel, Craig	CWS	P	144.80	80	349		143		
56	Gilbert, Logan	SEA	P	147.66	91	224		143		
57	Manaea, Sean	OAK	P	150.95	104	209		143		
58	Rodriguez, Eduardo	DET	P	152.92	98	245		143		
59	Garcia, Luis	HOU	P	154.15	116	205		143		
60	Doval, Camilo	SF	P	156.08	88	354		143		
61	McCullers Jr., Lance	HOU	P	157.45	92	285		143		
62	Stroman, Marcus	CHC	P	166.93	103	234		143		
63	Severino, Luis	NYY	P	168.24	115	251		143		
64	Suarez, Ranger	PHI	P	170.26	97	291		143		
65	Kopech, Michael	CWS	P	172.02	130	245		143		
66	Gray, Sonny	CIN	P	173.10	133	233		143		
67	Barlow, Scott	KC	P	180.08	104	362		143		
68	Kershaw, Clayton	LAD	P	183.52	68	286		143		
69	Skubal, Tarik	DET	P	189.13	136	243		143		
70	Wainwright, Adam	STL	P	190.31	34	260		143		
71	Treinen, Blake	LAD	P	190.97	104	362		143		
72	Urquidy, Jose	HOU	P	195.27	145	276		143		
73	Clevinger, Mike	SD	P	195.28	106	257		143		
74	Ryu, Hyun Jin	TOR	P	195.78	138	258		143		
75	Houck, Tanner	BOS	P	198.66	140	288		143		
76	Ryan, Joe	MIN	P	199.12	143	276		143		
77	Soto, Gregory	DET	P	200.86	115	409		143		
78	Syndergaard, Noah	LAA	P	203.77	94	311		143		
79	Bednar, David	PIT	P	205.45	127	419		143		
80	DeSclafani, Anthony	SF	P	208.31	98	297		143		
81	Sandoval, Patrick	LAA	P	221.63	167	297		143		
82	Wood, Alex	SF	P	222.35	168	301		143		
83	Montgomery, Jordan	NYY	P	222.71	151	297		143		
84	Means, John	BAL	P	225.50	141	321		143		
85	Barlow, Joe	TEX	P	229.98	133	454		143		
86	Rogers, Taylor	MIN	P	232.14	125	477		143		
87	McKenzie, Triston	CLE	P	235.27	121	309		143		
88	Floro, Dylan	MIA	P	235.87	144	442		142		
89	Ynoa, Huascar	ATL	P	237.64	155	351		143		
90	Knebel, Corey	PHI	P	241.64	97	587		142		
91	Marquez, German	COL	P	242.94	162	336		143		
92	Quantrill, Cal	CLE	P	243.34	133	362		143		
93	Mize, Casey	DET	P	255.46	177	333		143		
94	Civale, Aaron	CLE	P	258.85	180	327		143		
95	Whitlock, Garrett	BOS	P	258.96	123	398		143		
96	Giles, Ken	SEA	P	261.16	138	494		142		
97	Barnes, Matt	BOS	P	261.77	138	466		143		
98	Matz, Steven	STL	P	264.79	201	382		143		
99	Ashby, Aaron	MLW	P	267.94	168	373		143		
100	Gray, Jon	TEX	P	271.40	166	359		143		
101	Sims, Lucas	CIN	P	271.55	161	512		143		
102	Ober, Bailey	MIN	P	275.11	197	395		143		
103	Rasmussen, Drew	TB	P	277.66	212	383		143		
104	Hendricks, Kyle	CHC	P	279.85	142	347		143		
105	Gray, Josiah	WAS	P	281.22	184	357		142		
106	Cobb, Alex	SF	P	284.43	206	413		143		
107	McGee, Jake	SF	P	286.31	83	540		143		
108	Trivino, Lou	OAK	P	288.55	107	514		142		
109	Reyes, Alex	STL	P	289.36	145	465		143		
110	Gonzales, Marco	SEA	P	297.13	215	375		142		
111	Luzardo, Jesus	MIA	P	299.20	234	381		143		
112	Kittredge, Andrew	TB	P	299.35	193	446		142		
113	Bauer, Trevor	LAD	P	306.29	121	471		143		
114	Patino, Luis	TB	P	309.12	223	406		142		
115	Carrasco, Carlos	NYM	P	310.78	224	442		143		
116	Taillon, Jameson	NYY	P	312.10	207	416		140		
117	Javier, Cristian	HOU	P	314.04	215	450		142		
118	Williams, Devin	MLW	P	315.59	213	441		143		
119	Plesac, Zach	CLE	P	316.34	230	379		142		
120	Lauer, Eric	MLW	P	316.76	217	426		141		
121	Greinke, Zack	HOU	P	317.84	166	450		142		
122	Heaney, Andrew	LAD	P	318.74	105	584		143		
123	Megill, Tylor	NYM	P	324.01	230	416		141		
124	Gonsolin, Tony	LAD	P	332.82	233	412		143		
125	Sewald, Paul	SEA	P	333.17	167	482		141		
126	Kaprielian, James	OAK	P	333.33	244	404		141		
127	Kikuchi, Yusei	SEA	P	335.87	213	455		139		
128	Sanchez, Sixto	MIA	P	336.20	157	549		143		
129	Hernandez, Elieser	MIA	P	336.26	217	451		143		
130	Strasburg, Stephen	WAS	P	338.29	171	589		143		
131	Alzolay, Adbert	CHC	P	342.15	259	424		142		
132	Fulmer, Michael	DET	P	350.66	204	460		136		
133	Walker, Taijuan	NYM	P	357.44	263	448		139		
134	Wick, Rowan	CHC	P	357.54	189	574		140		
135	Kennedy, Ian	PHI	P	361.04	133	536		140		
136	Pivetta, Nick	BOS	P	361.34	218	474		142		
137	Cortes Jr., Nestor	NYY	P	363.15	271	459		140		
138	Gibson, Kyle	PHI	P	366.54	266	417		138		
139	Flexen, Chris	SEA	P	370.01	263	454		140		
140	Steckenrider, Drew	SEA	P	372.85	155	547		135		
141	Kluber, Corey	TB	P	377.88	251	504		142		
142	Lamet, Dinelson	SD	P	379.11	217	612		142		
143	Rainey, Tanner	WAS	P	392.66	244	548		129		
144	Pineda, Michael	MIN	P	396.12	272	570		138		
145	Paddack, Chris	SD	P	396.29	258	549		135		
146	Green, Chad	NYY	P	398.77	254	552		139		
147	Castillo, Diego	SEA	P	399.79	166	545		134		
148	German, Domingo	NYY	P	400.06	281	488		138		
149	Singer, Brady	KC	P	405.42	256	546		137		
150	Corbin, Patrick	WAS	P	407.83	244	520		136		
151	Loaisiga , Jonathan	NYY	P	408.41	207	536		134		
152	Dunning, Dane	TEX	P	409.26	320	473		136		
153	Finnegan, Kyle	WAS	P	413.11	252	621		135		
154	Pearson, Nate	TOR	P	418.22	285	574		138		
155	Greene, Hunter	CIN	P	418.43	255	569		137		
156	Bender, Anthony	MIA	P	420.73	268	573		129		
157	Houser, Adrian	MLW	P	420.76	276	492		135		
158	Miley, Wade	CHC	P	420.84	293	523		137		
159	Karinchak, James	CLE	P	421.30	197	528		131		
160	Hill, Rich	BOS	P	427.43	316	570		137		
161	Hernandez, Carlos	KC	P	428.97	253	487		133		
162	Hudson, Dakota	STL	P	435.52	295	587		137		
163	Wells, Tyler	BAL	P	441.45	306	609		127		
164	Kelly, Merrill	ARZ	P	448.99	332	578		136		
165	Detmers, Reid	LAA	P	449.20	230	562		135		
166	Bundy, Dylan	MIN	P	449.20	268	561		137		
167	Bumgarner, Madison	ARZ	P	450.31	301	533		137		
168	Weaver, Luke	ARZ	P	456.32	319	569		134		
169	Odorizzi, Jake	HOU	P	456.48	318	538		133		
170	Suarez, Jose	LAA	P	456.53	310	558		134		
171	Eflin, Zach	PHI	P	458.29	272	592		133		
172	Minor, Mike	KC	P	458.72	346	586		134		
173	Mikolas, Miles	STL	P	461.84	294	595		135		
174	Staumont, Josh	KC	P	461.95	165	590		129		
175	Gil, Luis	NYY	P	462.97	289	575		132		
176	Bubic, Kris	KC	P	466.69	333	562		131		
177	Lynch, Daniel	KC	P	473.02	310	565		133		
178	Graveman, Kendall	CWS	P	477.03	273	599		123		
179	Johnson, Pierce	SD	P	481.73	267	654		119		
180	Alcala, Jorge	MIN	P	482.33	277	656		122		
181	Estevez, Carlos	COL	P	483.93	215	628		123		
182	Colome, Alex	MIN	P	488.24	256	591		122		
183	Contreras, Roansy	PIT	P	495.20	316	596		126		
184	Neris, Hector	HOU	P	495.66	311	651		130		
185	Cabrera, Edward	MIA	P	497.76	307	571		127		
186	Rosenthal, Trevor	OAK	P	499.92	320	641		119		
187	Yarbrough, Ryan	TB	P	501.16	375	599		131		
188	Thompson, Zach	PIT	P	501.96	343	641		129		
189	Rodriguez, Grayson	BAL	P	502.83	341	642		131		
190	Brubaker, JT	PIT	P	503.30	366	598		130		
191	Gomber, Austin	COL	P	506.13	390	611		129		
192	Sulser, Cole	BAL	P	509.19	259	611		120		
193	Meyer, Max	MIA	P	509.85	273	589		126		
194	Wacha, Michael	BOS	P	511.20	345	717		125		
195	Manning, Matt	DET	P	516.15	317	620		129		
196	Fairbanks, Pete	TB	P	516.34	350	590		119		
197	Rodriguez, Richard	ATL	P	524.29	257	712		122		
198	Irvin, Cole	OAK	P	528.55	408	642		129		
199	Hand, Brad	NYM	P	528.71	249	731		119		
200	Lodolo, Nick	CIN	P	529.29	268	674		125		
201	Stratton, Chris	PIT	P	530.18	290	642		119		
202	Crochet, Garrett	CWS	P	533.78	325	670		123		
203	Lopez, Reynaldo	CWS	P	534.33	378	646		127		
204	McHugh, Collin	TB	P	534.40	340	644		126		
205	Suarez, Robert	SD	P	536.09	243	635		101		
206	Anderson, Tyler	SEA	P	536.54	335	649		126		
207	Smyly, Drew	ATL	P	539.64	386	669		128		
208	Sanmartin, Reiver	CIN	P	542.63	284	665		117		
209	Martinez, Nick	FA	P	542.94	310	749		115		
210	Rogers, Tyler	SF	P	547.06	132	679		115		
211	Stripling, Ross	TOR	P	548.94	372	671		124		
212	Kim, Kwang Hyun	STL	P	550.06	331	749		125		
213	Hicks, Jordan	STL	P	556.41	314	708		114		
214	Heuer, Codi	CHC	P	558.94	306	695		112		
215	Gutierrez, Vladimir	CIN	P	562.54	392	654		116		
216	Matzek, Tyler	ATL	P	564.82	218	748		110		
217	Lorenzen, Michael	LAA	P	567.17	351	727		118		
218	Puk, A.J.	OAK	P	568.93	338	691		120		
219	Warren, Art	CIN	P	571.92	313	695		107		
220	Keuchel, Dallas	CWS	P	575.09	356	710		116		
221	Cavalli, Cade	WAS	P	578.71	366	739		112		
222	Alexander, Tyler	DET	P	580.99	349	672		118		
223	May, Dustin	LAD	P	582.13	333	748		120		
224	Muller, Kyle	ATL	P	582.52	344	725		106		
225	Hudson, Daniel	LAD	P	582.59	370	687		109		
226	Freeland, Kyle	COL	P	583.27	438	712		115		
227	Soroka, Mike	ATL	P	584.00	310	701		111		
228	Boxberger, Brad	MLW	P	592.72	328	743		100		
229	Duffy, Danny	LAD	P	593.70	311	694		110		
230	Keller, Brad	KC	P	593.76	308	716		108		
231	May, Trevor	NYM	P	596.43	415	708		108		
232	Munoz, Andres	SEA	P	597.33	326	732		104		
233	Peterson, David	NYM	P	600.12	386	693		102		
234	Hearn, Taylor	TEX	P	601.97	438	651		105		
235	Dunn, Justin	SEA	P	602.70	432	734		113		
236	Senzatela, Antonio	COL	P	604.67	373	669		100		
237	Davidson, Tucker	ATL	P	605.14	395	675		102		
238	Fedde, Erick	WAS	P	607.23	374	711		103		
239	Mayers, Mike	LAA	P	608.16	382	726		100		
240	Alvarado, Jose	PHI	P	608.55	213	745		102		
241	Bard, Daniel	COL	P	608.89	318	736		99		
242	Howard, Spencer	TEX	P	613.36	391	688		103		
243	Otto, Glenn	TEX	P	614.94	427	748		99		
244	Long, Sammy	SF	P	617.51	330	719		98		
245	Pagan, Emilio	SD	P	618.49	222	746		102		
246	Duffey, Tyler	MIN	P	619.44	377	735		99		
247	Smith, Caleb	ARZ	P	621.47	432	742		111		
248	Lyles, Jordan	BAL	P	624.42	405	721		96		
249	Garcia, Yimi	TOR	P	627.24	355	725		102		
250	Kirby, George	SEA	P	628.09	430	739		97		
251	Price, David	LAD	P	631.45	441	710		97		
252	Quintana, Jose	PIT	P	633.53	389	743		85		
253	Pomeranz, Drew	SD	P	633.61	326	748		91		
254	Cueto, Johnny	SF	P	635.50	445	746		99		
255	Merryweather, Julian	TOR	P	637.12	401	733		96		
256	Keller, Mitch	PIT	P	640.41	418	736		89		
257	Suter, Brent	MLW	P	641.31	378	702		95		
258	Loup, Aaron	LAA	P	646.52	399	750		92		
259	Tepera, Ryan	CWS	P	646.57	372	724		89		
260	Garcia, Luis	SD	P	648.07	353	745		83		
261	Graterol, Brusdar	LAD	P	649.62	367	717		88		
262	Morgan, Eli	CLE	P	650.40	441	696		82		
263	Yates, Kirby	ATL	P	650.69	311	721		85		
264	Jefferies, Daulton	OAK	P	660.52	463	744		84		
265	Davies, Zach	CHC	P	660.94	438	746		89		
266	Beede, Tyler	SF	P	661.45	469	749		81		
267	White, Mitch	LAD	P	661.57	461	706		81		
268	Canning, Griffin	LAA	P	662.36	410	750		84		
269	Liberatore, Matt	STL	P	663.22	446	737		86		
270	Mills, Alec	CHC	P	663.71	451	732		83		
271	Bummer, Aaron	CWS	P	664.30	399	734		79		
272	Morris, Cody	CLE	P	664.35	426	736		74		
273	Brash, Matt	SEA	P	665.14	413	734		77		
274	Wright, Kyle	ATL	P	665.57	451	724		79		
275	Paxton, James	BOS	P	668.25	421	745		80		
276	Gore, MacKenzie	SD	P	669.09	306	750		81		
277	Givens, Mychal	CIN	P	673.17	378	746		84		
278	Jackson, Luke	ATL	P	673.32	394	743		80		
279	Diekman, Jake	OAK	P	675.57	409	750		77		
280	Weathers, Ryan	SD	P	675.78	374	740		73		
281	Fleming, Josh	TB	P	678.57	423	749		75		
282	Steele, Justin	CHC	P	681.55	436	743		73		
283	Feyereisen, J.P.	TB	P	685.43	387	747		74		
284	Falter, Bailey	PHI	P	686.25	470	730		74		
285	Santillan, Tony	CIN	P	689.42	460	749		70		
286	Espino, Paolo	WAS	P	691.08	382	748		68		
287	Honeywell Jr., Brent	OAK	P	692.90	352	745		70		
288	Stammen, Craig	SD	P	694.83	464	740		62		
289	Boyd, Matthew	DET	P	695.91	496	741		66		
290	Chafin, Andrew	OAK	P	698.10	438	737		64		
291	Kowar, Jackson	KC	P	698.25	520	734		62		
292	Lugo, Seth	NYM	P	698.65	548	744		72		
293	Vesia, Alex	LAD	P	698.85	469	748		69		
294	Ottavino, Adam	BOS	P	699.71	400	750		64		
295	Wilson, Bryse	PIT	P	700.56	470	748		66		
296	Wendelken, J.B.	ARZ	P	700.82	363	747		49		
297	Happ, J.A.	STL	P	702.88	389	748		64		
298	Cousins, Jake	MLW	P	704.71	370	749		56		
299	Ross, Joe	WAS	P	704.80	442	743		51		
300	Toussaint, Touki	ATL	P	705.50	547	746		63		
301	Robles, Hansel	BOS	P	705.66	472	748		64		
302	Richards, Garrett	BOS	P	705.79	420	738		49		
303	Alexy, A.J.	TEX	P	709.71	495	738		58		
304	Stanek, Ryne	HOU	P	709.89	435	750		63		
305	Stephenson, Robert	COL	P	710.01	516	749		58		
306	Garrett, Amir	CIN	P	710.17	481	750		61		
307	Crowe, Wil	PIT	P	711.17	500	747		52		
308	Winn, Cole	TEX	P	712.11	484	739		60		
309	Straily, Dan	FA	P	712.62	416	735		39		
310	Gilbert, Tyler	ARZ	P	714.14	487	745		47		
311	Peralta, Wily	DET	P	716.69	359	733		34		
312	Cessa, Luis	CIN	P	718.03	463	749		51		
313	Raley, Brooks	TB	P	718.39	508	750		47		
314	Cabrera, Genesis	STL	P	719.59	471	749		48		
315	Coleman, Dylan	KC	P	720.13	527	748		53		
316	Strider, Spencer	ATL	P	721.29	502	748		49		
317	King, Michael	NYY	P	722.64	532	731		36		
318	Schmidt, Clarke	NYY	P	722.92	508	750		45		
319	Romero, Tommy	TB	P	723.48	466	749		43		
320	Adams, Austin	SD	P	723.66	511	732		45		
321	Dobnak, Randy	MIN	P	724.29	483	749		42		
322	Wisler, Matt	TB	P	724.99	525	749		47		
323	Peters, Dillon	PIT	P	725.75	476	750		41		
324	Allard, Kolby	TEX	P	725.77	516	744		43		
325	Bickford, Phil	LAD	P	725.89	452	749		33		
326	Sheffield, Justus	SEA	P	727.69	453	750		42		
327	Brogdon, Connor	PHI	P	727.82	482	748		36		
328	Maton, Phil	HOU	P	729.94	515	749		26		
329	Patton, Spencer	TEX	P	729.94	537	750		44		
330	Richards, Trevor	TOR	P	730.31	577	749		48		
331	Garcia, Deivi	NYY	P	730.34	517	750		42		
332	Chirinos, Yonny	TB	P	730.78	462	745		38		
333	Bass, Anthony	MIA	P	732.50	524	750		30		
334	Petit, Yusmeiro	OAK	P	732.81	471	740		27		
335	Antone, Tejay	CIN	P	732.82	494	743		15		
336	Holmes, Clay	NYY	P	733.22	514	741		32		
337	Mayza, Tim	TOR	P	733.71	502	749		36		
338	Castro, Kervin	SF	P	733.78	388	738		12		
339	Jax, Griffin	MIN	P	733.80	403	749		31		
340	Minter, A.J.	ATL	P	734.15	467	750		31		
341	Bukauskas, J.B.	ARZ	P	734.68	403	750		18		
342	Anderson, Nick	TB	P	734.77	414	750		12		
343	Effross, Scott	CHC	P	734.92	411	734		24		
344	Holland, Greg	KC	P	734.95	466	741		16		
345	Archer, Chris	TB	P	735.42	506	741		30		
346	Familia, Jeurys	NYM	P	735.93	411	739		17		
347	Anderson, Brett	MLW	P	736.16	520	749		26		
348	Martinez, Carlos	STL	P	736.57	509	750		28		
349	Williams, Trevor	NYM	P	736.58	538	738		25		
350	Tanaka, Masahiro	FA	P	736.73	389	717		9		
351	Chargois, JT	TB	P	736.80	458	748		29		
352	Adon, Joan	WAS	P	737.02	582	748		29		
353	Garcia, Jarlin	SF	P	737.31	520	742		25		
354	Sborz, Josh	TEX	P	738.44	494	741		21		
355	Lester, Jon	STL	P	739.05	541	749		19		
356	Allen, Logan	CLE	P	739.33	469	746		15		
357	Scott, Tanner	BAL	P	739.70	526	738		23		
358	Balazovic, Jordan	MIN	P	739.94	587	747		30		
359	Gant, John	MIN	P	740.14	556	748		15		
360	Brentz, Jake	KC	P	740.83	520	748		20		
361	Widener, Taylor	ARZ	P	740.93	529	747		19		
362	Bradley, Archie	PHI	P	741.64	506	742		16		
363	Marquez, Brailyn	CHC	P	741.69	520	742		12		
364	Hancock, Emerson	SEA	P	741.85	546	747		13		
365	Leone, Dominic	SF	P	741.88	505	744		13		
366	Akin, Keegan	BAL	P	742.04	517	746		23		
367	Kuhl, Chad	PIT	P	742.14	411	741		15		
368	Perez, Martin	BOS	P	742.41	548	744		13		
369	Littell, Zack	SF	P	742.50	499	745		17		
370	Kelly, Joe	LAD	P	742.50	578	749		20		
371	Sandlin, Nick	CLE	P	742.64	506	742		11		
372	Seabold, Connor	BOS	P	742.82	607	747		20		
373	Tate, Dillon	BAL	P	743.04	535	735		13		
374	Martin, Corbin	ARZ	P	743.13	522	738		15		
375	Yajure, Miguel	PIT	P	743.15	563	750		18		
376	Robertson, David	TB	P	743.30	493	739		10		
377	Gose, Anthony	CLE	P	743.63	482	749		19		
378	Osuna, Roberto	FA	P	743.76	541	746		18		
379	Megill, Trevor	MIN	P	744.08	465	729		5		
380	Zimmermann, Bruce	BAL	P	744.29	541	745		14		
381	Poteet, Cody	MIA	P	744.41	390	746		5		
382	Jackson, Andre	LAD	P	744.64	526	724		9		
383	Leiter, Jack	FA	P	744.71	565	748		13		
384	Clippard, Tyler	ARZ	P	744.87	524	740		9		
385	Swanson, Erik	SEA	P	744.97	574	743		18		
386	Miller, Bobby	LAD	P	745.05	487	748		11		
387	Maeda, Kenta	MIN	P	745.20	244	705		5		
388	Sadler, Casey	SEA	P	745.26	592	747		20		
389	Foltynewicz, Mike	TEX	P	745.29	592	748		12		
390	Pepiot, Ryan	LAD	P	745.39	493	749		8		
391	Dominguez, Seranthony	PHI	P	745.43	608	745		17		
392	Small, Ethan	MLW	P	745.61	599	746		13		
393	Williamson, Brandon	SEA	P	745.64	578	750		16		
394	Hall, DL	BAL	P	745.73	578	748		10		
395	Woodford, Jake	STL	P	745.76	535	749		14		
396	Allen, Logan T.	FA	P	745.83	515	743		10		
397	Rogers, Josh	WAS	P	745.94	596	736		12		
398	Coonrod, Sam	PHI	P	746.07	535	744		12		
399	Winder, Josh	MIN	P	746.09	578	742		12		
400	Lacy, Asa	KC	P	746.13	561	744		8		
401	Sanchez, Aaron	SF	P	746.18	540	731		6		
402	Brault, Steven	PIT	P	746.19	618	742		10		
403	Battenfield, Peyton	FA	P	746.24	591	743		12		
404	Sugano, Tomoyuki	FA	P	746.55	491	739		9		
405	Luetge, Lucas	NYY	P	746.69	569	745		10		
406	Turnbull, Spencer	DET	P	746.72	521	744		6		
407	Hjelle, Sean	SF	P	746.73	545	737		10		
408	Head, Louis	MIA	P	746.76	559	742		7		
409	Acevedo, Domingo	OAK	P	746.87	657	748		14		
410	Lowther, Zac	BAL	P	746.87	649	743		14		
411	Crouse, Hans	PHI	P	746.90	639	748		13		
412	Bermudez, Jonathan	HOU	P	746.90	534	730		8		
413	Gilbreath, Lucas	COL	P	747.07	536	740		6		
414	Moreta, Dauri	CIN	P	747.15	517	698		5		
415	Harvey, Hunter	SF	P	747.18	601	744		11		
416	Martin, Chris	ATL	P	747.32	505	750		4		
417	Cisnero, Jose	DET	P	747.37	567	741		7		
418	Hatch, Thomas	TOR	P	747.77	684	748		15		
419	Oviedo, Johan	STL	P	747.80	657	739		9		
420	James, Josh	HOU	P	747.87	596	748		11		
421	Hernandez, Jonathan	TEX	P	747.99	646	733		6		
422	Lindblom, Josh	MLW	P	748.03	588	746		8		
423	Nelson, Ryne	FA	P	748.03	640	750		10		
424	Poche, Colin	TB	P	748.08	676	744		10		
425	Guerra, Deolis	OAK	P	748.15	525	750		6		
426	Springs, Jeffrey	TB	P	748.20	627	719		6		
427	Romo, Sergio	OAK	P	748.36	545	580		2		
428	Liberatore, Adam	LAD	P	748.39	460	669		2		
429	Betances, Dellin	NYM	P	748.39	542	690		3		
430	Palumbo, Joe	SF	P	748.41	567	733		3		
431	Barria, Jaime	LAA	P	748.43	480	735		4		
432	Lange, Alex	DET	P	748.43	596	726		4		
433	Velasquez, Vince	SD	P	748.48	586	734		5		
434	Sawamura, Hirokazu	BOS	P	748.55	441	744		3		
435	Hamels, Cole	LAD	P	748.57	513	736		4		
436	Thielbar, Caleb	MIN	P	748.61	570	750		7		
437	Shoemaker, Matt	MIN	P	748.72	664	749		8		
438	Strickland, Hunter	MLW	P	748.79	575	742		4		
439	Vieira, Thyago	FA	P	748.79	552	748		4		
440	Zerpa, Angel	KC	P	748.80	666	726		6		
441	Taylor, Josh	BOS	P	748.84	614	704		3		
442	Enns, Dietrich	TB	P	748.86	655	744		5		
443	Woods-Richardson, Simeon	TOR	P	748.98	594	749		6		
444	Valdez, Cesar	BAL	P	748.99	464	464		1		
445	Mills, Wyatt	SEA	P	749.07	662	723		5		
446	De Leon, Jose	CIN	P	749.14	544	692		2		
447	Ferguson, Caleb	LAD	P	749.15	590	745		5		
448	Thorpe, Lewis	MIN	P	749.23	551	698		2		
449	Thompson, Keegan	CHC	P	749.38	634	733		5		
450	Hoffman, Jeff	CIN	P	749.38	563	707		2		
451	Harris, Will	WAS	P	749.42	623	743		4		
452	Shaw, Bryan	CLE	P	749.43	527	527		1		
453	Crichton, Stefan	ARZ	P	749.46	531	531		1		
454	Lambert, Peter	COL	P	749.49	588	743		3		
455	Fernandez, Julian	COL	P	749.52	540	540		1		
456	Hill, Tim	SD	P	749.52	628	663		2		
457	Leiter Jr., Mark	DET	P	749.52	689	736		6		
458	Wieck, Brad	CHC	P	749.57	546	546		1		
459	Hernandez, Darwinzon	BOS	P	749.59	643	740		6		
460	Morejon, Adrian	SD	P	749.59	681	732		6		
461	Stashak, Cody	MIN	P	749.62	554	554		1		
462	McKay, Brendan	TB	P	749.65	558	558		1		
463	Leclerc, Jose	TEX	P	749.68	696	750		10		
464	Anderson, Shaun	TOR	P	749.69	564	564		1		
465	Junis, Jakob	KC	P	749.71	590	747		4		
466	Bleier, Richard	MIA	P	749.72	568	568		1		
467	Myers, Tobias	CLE	P	749.72	637	682		2		
468	Montero, Rafael	HOU	P	749.78	586	742		2		
469	Cimber, Adam	TOR	P	749.78	671	742		4		
470	Crick, Kyle	PIT	P	749.78	577	577		1		
471	Porcello, Rick	FA	P	749.80	613	718		2		
472	Hembree, Heath	NYM	P	749.82	582	582		1		
473	Castellanos, Humberto	ARZ	P	749.83	583	583		1		
474	Espino, Daniel	CLE	P	749.87	670	747		7		
475	Glasnow, Tyler	TB	P	749.88	617	725		2		
476	Castro, Miguel	NYM	P	749.88	597	745		2		
477	Duran, Jhoan	MIN	P	749.88	706	736		6		
478	Groome, Jay	BOS	P	749.90	594	594		1		
479	Jameson, Drey	FA	P	749.92	687	740		4		
480	Whitley, Forrest	HOU	P	749.92	597	597		1		
481	Rodriguez, Joely	NYY	P	749.94	599	599		1		
482	Wittgren, Nick	CLE	P	749.98	614	742		2		
483	Elder, Bryce	FA	P	749.99	673	736		3		
484	Holmes, Grant	OAK	P	749.99	607	607		1		
485	Junk, Janson	LAA	P	750.03	655	745		3		
486	Lopez, Jorge	BAL	P	750.04	657	708		2		
487	Cabrera, Mauricio	ATL	P	750.10	622	622		1		
488	Medina, Luis	NYY	P	750.10	707	736		5		
489	Cotton, Jharel	MIN	P	750.12	710	740		6		
490	Solomon, Peter	HOU	P	750.13	706	733		4		
491	Peluse, Colin	FA	P	750.20	704	730		3		
492	Leeper, Ben	FA	P	750.29	692	738		3		
493	Krehbiel, Joey	BAL	P	750.29	649	649		1		
494	Quijada, Jose	LAA	P	750.29	650	650		1		
495	Warren, Austin	LAA	P	750.31	718	745		5		
496	Pop, Zach	MIA	P	750.32	654	654		1		
497	Murphy, Patrick	WAS	P	750.34	656	656		1		
498	Soria, Joakim	TOR	P	750.38	663	663		1		
499	Voth, Austin	WAS	P	750.40	681	745		3		
500	Ryan, Zac	LAA	P	750.41	667	667		1		
501	Bielak, Brandon	HOU	P	750.41	667	667		1		
502	Watson, Tony	SF	P	750.42	715	739		3		
503	Garrett, Braxton	MIA	P	750.42	695	724		2		
504	Lucchesi, Joey	NYM	P	750.45	672	672		1		
505	Brasier, Ryan	BOS	P	750.47	707	719		2		
506	Ramirez, Yohan	SEA	P	750.48	701	727		2		
507	Alvarez, Jose	SF	P	750.48	676	676		1		
508	Teheran, Julio	DET	P	750.48	676	676		1		
509	McFarland, T.J.	STL	P	750.52	683	683		1		
510	Funkhouser, Kyle	DET	P	750.53	684	684		1		
511	Overton, Connor	PIT	P	750.55	687	687		1		
512	Crawford, Kutter	BOS	P	750.57	712	728		2		
513	Kranick, Max	PIT	P	750.57	721	739		3		
514	Hentges, Sam	CLE	P	750.58	693	749		2		
515	Urena, Jose	DET	P	750.60	694	694		1		
516	Stephan, Trevor	CLE	P	750.63	703	746		2		
517	Hahn, Jesse	KC	P	750.63	722	739		3		
518	White, Colby	FA	P	750.64	711	739		2		
519	Whitley, Kodi	STL	P	750.67	704	704		1		
520	Dolis, Rafael	TOR	P	750.67	704	704		1		
521	Rodriguez, Manuel	CHC	P	750.67	706	749		2		
522	Kela, Keone	SD	P	750.69	706	706		1		
523	Priester, Quinn	PIT	P	750.71	710	710		1		
524	Kremer, Dean	BAL	P	750.71	709	709		1		
525	Peralta, Wandy	NYY	P	750.73	713	713		1		
526	Dubin, Shawn	HOU	P	750.73	725	748		3		
527	Ivey, Tyler	HOU	P	750.75	716	750		2		
528	Maples, Dillon	CHC	P	750.75	715	715		1		
529	Crismatt, Nabil	SD	P	750.76	737	743		3		
530	Kahnle, Tommy	LAD	P	750.76	717	717		1		
531	Castillo, Jose	SD	P	750.78	719	719		1		
532	Newcomb, Sean	ATL	P	750.80	723	723		1		
533	Frias, Luis	ARZ	P	750.83	726	726		1		
534	Evans, Demarcus	TEX	P	750.83	726	726		1		
535	Zimmer, Kyle	KC	P	750.84	728	728		1		
536	Taylor, Blake	HOU	P	750.84	728	728		1		
537	Yamamoto, Jordan	NYM	P	750.88	734	734		1		
538	Fiers, Mike	OAK	P	750.90	737	737		1		
539	Perdomo, Luis	MLW	P	750.90	737	737		1		
540	Romero, Jhon	WAS	P	750.91	738	738		1		
541	Rolison, Ryan	COL	P	750.92	739	739		1		
542	Arihara, Kohei	TEX	P	750.92	740	740		1		
543	Bradish, Kyle	BAL	P	750.92	739	739		1		
544	Fry, Paul	BAL	P	750.93	741	741		1		
545	Logue, Zach	TOR	P	750.93	741	741		1		
546	Duplantier, Jon	ARZ	P	750.94	743	743		1		
547	Jimenez, Joe	DET	P	750.94	742	742		1		
548	Heasley, Jon	KC	P	750.95	744	744		1		
549	Mejia, J.C.	MLW	P	750.97	746	746		1		
550	Baumann, Mike	BAL	P	750.97	746	746		1		
551	Harvey, Matt	BAL	P	750.97	747	747		1		
552	Oller, Adam	NYM	P	750.97	747	747		1		
553	Kay, Anthony	TOR	P	750.99	750	750		1		
